{
  "mae_home": 0.29260963420526315,
  "mae_away": 0.27876663105263155
}